product_id,url,name,current_price,original_price,image,unit,in_stock
"B07MJC2KYJ","https://www.amazon.in/dp/B07MJC2KYJ","PetCrux Smart Clump Cat Litter 10kg 100% Natural Bentonite Odour Lock Lavender and Lemon Scented Clay Dust Free Premium Absorbent Eco-Friendly Sand for All Breeds of Cats 2 Packs of 5 Kgs (Combo)","699.00","1100","https://m.media-amazon.com/images/I/71Beka2U6qL._SY450_PIbundle-2,TopRight,0,0_AA450SH20_.jpg","10 kg","In Stock"
"B07NZVG8SC","https://www.amazon.in/dp/B07NZVG8SC","PetCrux Smart Clump Cat Litter 20Kg, 100% Natural Bentonite Odour Lock Lavender Scented Clay, Dust Free, 4 Packs of 5 Kgs (Combo)","1299.00","2200","https://m.media-amazon.com/images/I/71SRGLxq8xL._SY450_.jpg","20 kg","In Stock"
"B08XM1QHF1","https://www.amazon.in/dp/B08XM1QHF1","PetCrux Eco Clump Cat Litter | Natural Bentonite Clay | Pet Friendly Lavender Essential Oils | Superior Odour Control | 99.9% Dust Free Scoopable (for Multiple Cats), 10kg Total - 2 Packs of 5kg","655.00","900","https://m.media-amazon.com/images/I/61FR8qqzJ4L._SY450_.jpg","9 kg 500 g","In Stock"
"B08VGKS3TG","https://www.amazon.in/dp/B08VGKS3TG","PetCrux Eco Clump Cat Litter 20Kg, 100% Natural Bentonite Odour Lock Lavender Scented Clay, Dust Free, 4 Packs of 5 Kgs (Combo)","1148.00","1800","https://m.media-amazon.com/images/I/61x0MOyBV4L._SY450_.jpg","5 kg","In Stock"
"B0DHL887MF","https://www.amazon.in/dp/B0DHL887MF","Petcrux Adult Dog Food Chicken & Rice, Complete Balanced Food for Adult Dogs, 10Kg","1199.00","1499","https://m.media-amazon.com/images/I/61GG7tjBVrL._SY450_.jpg","10 kg","In Stock"
"B07MQ65HG5","https://www.amazon.in/dp/B07MQ65HG5","PetCrux Smart Clump Cat Litter 5kg 100% Natural Bentonite Odour lock Lavender and Lemon Scented Clay Dust Free Trial or Travel or Single Pack Premium Absorbent Eco-Friendly Sand for all Breeds of Cats","399.00","550","https://m.media-amazon.com/images/I/71MdPj2G50L._SY450_.jpg","5 kg","In Stock"
"B09X7CZ83B","https://www.amazon.in/dp/B09X7CZ83B","PetCrux Eco Clump Cat Litter 10Kg 100% Natural Odour Lock Unscented Clay Dust Free Fragrance Free Absorbent Eco-Friendly Sand for All Breeds of Cats 2 Packs of 5 Kgs (Combo)","589.00","900","https://m.media-amazon.com/images/I/71gD-wMuAML._SY450_.jpg","5 kg","In Stock"
"B08XM8PQ9N","https://www.amazon.in/dp/B08XM8PQ9N","PetCrux Eco Clump Cat Litter | Natural Bentonite Clay | Pet Friendly Lavender Essential Oils | Superior Odour Control | 99.9% Dust Free Scoopable (for Multiple Cats), 15kg Total - 3 Packs of 5kg","949.00","1350","https://m.media-amazon.com/images/I/61wB+TKTS0L._SY450_.jpg","5 kg","In Stock"
"B09X7G1SMN","https://www.amazon.in/dp/B09X7G1SMN","PetCrux Eco Clump Cat Litter 15Kg 100% Natural Odour Lock Unscented Clay Dust Free Fragrance Free Absorbent Eco-Friendly Sand for All Breeds of Cats 3 Packs of 5 Kgs (Combo)","799.00","1350","https://m.media-amazon.com/images/I/71ITEwwcNGL._SY450_.jpg","5 kg","In Stock"
"B0C2PZQ5RT","https://www.amazon.in/dp/B0C2PZQ5RT","PetCrux Earthy Clump Cat Litter 10Kg 100% Natural Bentonite Odour Lock Lavender Scented Clay Dust Free Absorbent Eco-Friendly Sand for All Breeds of Cats 2 Packs of 5 Kgs (Combo)","499.00","1100","https://m.media-amazon.com/images/I/51ciHiMneHL._SY450_PIbundle-2,TopRight,0,0_AA450SH20_.jpg","10 kg","In Stock"
"B08V8JN3DW","https://www.amazon.in/dp/B08V8JN3DW","PetCrux Smart Clump Cat Litter 2Kg 100% Natural Bentonite Odour Lock Lavender and Lemon Scented Clay Dust Free Trial or Travel or Single Pack Premium Absorbent Eco-Friendly Sand for all Breeds of Cats","199.00","250","https://m.media-amazon.com/images/I/71MKfnvoqWL._SY606_.jpg","1 kg 900 g","In Stock"
"B08JM77FBZ","https://www.amazon.in/dp/B08JM77FBZ","PetCrux Tofu Cat Litter 5Kg 100% Natural Biodegradable Odour Lock Corn Scented Dust Free Clay Absorbent Eco-Friendly Flushable Sand for All Breeds of Cats 2 Packs of 2.5 Kgs (Combo)","969.00","1900","https://m.media-amazon.com/images/I/71ArM6s2mqL._SX450_.jpg","4 kg 800 g","In Stock"
"B082Z5RX5S","https://www.amazon.in/dp/B082Z5RX5S","PetCrux Go Exclusive Bentonite Jasmine Cat Litter 10Kg 100% Natural Bentonite Odour Lock Jasmine Scented Dust Free Clay Premium Absorbent Eco-Friendly Sand for All Cat Breeds 2 Packs of 5 Kgs (Combo)","1049.00","1100","https://m.media-amazon.com/images/I/71Pmj6DpFoL._SY450_PIbundle-2,TopRight,0,0_AA450SH20_.jpg","10 kg","In Stock"
"B07NS31G48","https://www.amazon.in/dp/B07NS31G48","PetCrux Organic Pine Wood Cat Litter 10Kg 100% Natural Biodegradable Odour Lock Unscented Dust Free Clay Absorbent Eco-Friendly Sand for All Breeds of Cats 2 Packs of 5 Kgs (Combo)","1399.00","1780","https://m.media-amazon.com/images/I/6184RrgQmrL._SY450_PIbundle-2,TopRight,0,0_AA450SH20_.jpg","10 kg","In Stock"
"B0F1XZBBBV","https://www.amazon.in/dp/B0F1XZBBBV","PetCrux Pet Exclusive White Sand Lavender Scented Cat Litter | Made with The Highest Grade White Sand | Superior Odour Control | 99.9% Dust Free Scoopable (for Multiple Cats), 5kg, Pack of 2","899.00","1200","https://m.media-amazon.com/images/I/61UcrjJq6JL._SY450_.jpg","5 kg","In Stock"
"B07NS44Q6C","https://www.amazon.in/dp/B07NS44Q6C","PetCrux Organic Pine Wood Cat Litter 5Kg 100% Natural Biodegradable Odour Lock Unscented Dust Free Clay Trial or Travel or Single Pack of Absorbent Eco-Friendly Sand for All Breeds of Cats","499.00","890","https://m.media-amazon.com/images/I/713XbqH3NUL._SY606_.jpg","5 kg","In Stock"
"B0DHL7XBNK","https://www.amazon.in/dp/B0DHL7XBNK","Petcrux Puppy Dry Food Chicken & Egg, Complete Nutrition for Puppy, 3Kg","399.00","550","https://m.media-amazon.com/images/I/717l5Q83rCL._SY450_.jpg","3 kg","In Stock"
"B07RBCNW7F","https://www.amazon.in/dp/B07RBCNW7F","PetCrux Scoopable Natural Activated Carbon Clumping Cat Litter | Superior Odour Control, Dust Free | Best Natural Charcoal Litter Dust Free Scoopable (for Multiple Cats), 10Kg Total (2 Packs of 5kg)","1049.00","1580","https://m.media-amazon.com/images/I/81FGCvJi8cL._SX450_PIbundle-2,TopRight,0,0_SX450SY250SH20_.jpg","10 kg","In Stock"
"B0CJJ7C5TF","https://www.amazon.in/dp/B0CJJ7C5TF","PetCrux Eco Clump Cat Litter 5Kg, 100% Natural Bentonite Odour Lock Lavender and Lemon Scented Clay, Dust Free, Single Pack","345.00","450","https://m.media-amazon.com/images/I/517HC2RqDyL._SY450_.jpg","5 kg","In Stock"
"B0CTHRYZ84","https://www.amazon.in/dp/B0CTHRYZ84","PetCrux Earthy Clump 20Kg 100% Natural Bentonite Odour Lock Orange Scented Clay Dust Free Single Money Saver Pack of Absorbent Eco-Friendly Sand for All Breeds of Cats","819.00","819.00","https://m.media-amazon.com/images/I/51XfvCscueL._SY450_.jpg","20 kg","Out of Stock"
"B07NRSZC6V","https://www.amazon.in/dp/B07NRSZC6V","PetCrux Activated Carbon Clumping Cat Litter 5Kg 100% Natural Bentonite Odour Lock Unscented Dust Free Clay Trial or Travel or Single Pack Premium Absorbent Eco-Friendly Sand for All Breeds of Cats","550.00","790","https://m.media-amazon.com/images/I/71pQDhCikmL._SY606_.jpg","5 kg","In Stock"
"B07ZZD96FL","https://www.amazon.in/dp/B07ZZD96FL","Petcrux Best Friend Fresh & Easy Silica Cat Litter 5L (Pack of 2-10 L)","1199.00","2350","https://m.media-amazon.com/images/I/71giVZUb60L._SX466_PIbundle-2,TopRight,0,0_SX466SY473SH20_.jpg","10 kg","In Stock"
"B0D8J6WVTZ","https://www.amazon.in/dp/B0D8J6WVTZ","Petcrux Bird Food – Blend of 6 Grains & Mixed Seeds – Clean, Additive-Free Bird Feed with Nyjer, Millet, Oats, Sunflower – 100% Natural & Healthy Mix for All Birds (1000 g)","399.00","449","https://m.media-amazon.com/images/I/61Ithx7xk+L._SY450_PIbundle-1000,TopRight,0,0_AA450SH20_.jpg","1 kg","In Stock"
"B07ZZ81GSP","https://www.amazon.in/dp/B07ZZ81GSP","Petcrux Best Friend Fresh & Easy Silica Cat Litter 5L (Pack of 1-5 L)","649.00","1175","https://m.media-amazon.com/images/I/41fTbmtaZVL.jpg","5 kg","In Stock"
"B085HY2T1N","https://www.amazon.in/dp/B085HY2T1N","Petcrux Exclusive Organic Tofu Cat Litter 6 L = 2.5 Kg (Lavender, Pack of 2 - Total 5 Kg)","1299.00","1900","https://m.media-amazon.com/images/I/71GhK-6OIYL._SX450_.jpg","4 kg 500 g","In Stock"
"B08NJWMFKL","https://www.amazon.in/dp/B08NJWMFKL","Petcrux Scooper Litter Tray for Cat (Scooper - 2 Units)","199.00","600","https://m.media-amazon.com/images/I/51vguU-L6yL._SX450_.jpg","200 g","In Stock"
"B0D8JMCHXG","https://www.amazon.in/dp/B0D8JMCHXG","Petcrux Venus Aquarium Filter, 3 in 1 High Power 15 Watt Oxygen Filter for Fish Tank","599.00","599.00","https://m.media-amazon.com/images/I/61AexplhvGL._SY450_.jpg","360 g","In Stock"
"B0D9BQCGNJ","https://www.amazon.in/dp/B0D9BQCGNJ","Petcrux Self Cleaning Slicker Brush, Pet Grooming Shedding Brush for Dogs and Cats - Easy to Remove Loose Undercoat, Pet Massaging Tool Suitable for Pets with Long or Short Hair","169.00","399","https://m.media-amazon.com/images/I/91sAZqbTZUL._SY450_.jpg","83 g","In Stock"
"B0CZRW2P2X","https://www.amazon.in/dp/B0CZRW2P2X","Petcrux Chicken, Apple & Beetroot Dog Treats, 90g","370.00","370.00","https://m.media-amazon.com/images/I/6184CcfskiL._SY450_.jpg","90 g","Out of Stock"
"B0CHWFP72X","https://www.amazon.in/dp/B0CHWFP72X","Petcrux Mini Pellet Fish Food for Complete Nutrition, 500g","179.00","349","https://m.media-amazon.com/images/I/61gMSLH9tXL._SY450_.jpg","500 g","In Stock"
"B08NK2B34C","https://www.amazon.in/dp/B08NK2B34C","Petcrux Exclusive Cat Litter Starter Kit 1 Petcrux Lavender and Lemon Scented Smart Clump Cat Litter 5Kg 1 Litter Tray 1 Litter Scooper (White)","799.00","1399","https://m.media-amazon.com/images/I/81Tt2nuPMdL._SX466_PIbundle-3,TopRight,0,0_SX466SY473SH20_.jpg","5 kg 500 g","In Stock"
"B09LSB87GS","https://www.amazon.in/dp/B09LSB87GS","Petcrux Premium Paper Cat Litter & Litter with Urinary pH Diagnosing Implants, Eco-Friendly, High absorptiopn & Lightweight, Bentonite Free with Odour Control (2.25 kg)","518.00","1599","https://m.media-amazon.com/images/I/611VNqNRURL._SY606_.jpg","2 kg 500 g","In Stock"
"B0D4KFRCCB","https://www.amazon.in/dp/B0D4KFRCCB","Petcrux Chicken Parsley & Mint Dog Treats, 70g","149.00","150","https://m.media-amazon.com/images/I/61g3KYi8YyL._SY450_.jpg","70 g","In Stock"
"B0FXXG5N4Y","https://www.amazon.in/dp/B0FXXG5N4Y","Petcrux Tofu Cat Litter | Natural Flushable Clumping Litter | Plant Based Biodegradable | Ultra Odour Control | Dust Free | Low Tracking Cat Litter 6 L - 2.5 Kg (Green Tea) (Pack of 4)","1996.00","1996.00","https://m.media-amazon.com/images/I/51C8LNrOMSL._SY450_PIbundle-4,TopRight,0,0_AA450SH20_.jpg","10 kg","In Stock"
"B0FXXDSCTB","https://www.amazon.in/dp/B0FXXDSCTB","Petcrux Tofu Cat Litter | Natural Flushable Clumping Litter | Plant Based Biodegradable | Ultra Odour Control | Dust Free | Low Tracking Cat Litter 6 L - 2.5 Kg (Green Tea) (Pack of 2)","998.00","998.00","https://m.media-amazon.com/images/I/716mPlsaejL._SX450_PIbundle-2,TopRight,0,0_SX450SY352SH20_.jpg","5 kg","In Stock"
"B0CZRYLF13","https://www.amazon.in/dp/B0CZRYLF13","Petcrux Mutton & Pumpkin Foods Dog Treats, 90g","NA","NA","https://m.media-amazon.com/images/I/61amsg-7V3L._SY450_.jpg","90 g","Out of Stock"
"B0FXXG536G","https://www.amazon.in/dp/B0FXXG536G","PetCrux Eco Clump Cat Litter 5Kg, 100% Natural Bentonite Odour Lock Lavender and Lemon Scented Clay, Dust Free, Single Pack (Pack of 2)","690.00","690.00","https://m.media-amazon.com/images/I/61LUKC+1XqL._SX450_PIbundle-2,TopRight,0,0_SX450SY300SH20_.jpg","10 kg","In Stock"
"B08NK264RY","https://www.amazon.in/dp/B08NK264RY","Petcrux Exclusive Scoopable Cat Litter Scooper (Cat Litter Scooper (Multicolor))","149.00","300","https://m.media-amazon.com/images/I/51BD014lSXL._SY450_.jpg","200 g","In Stock"
"B084DKGQTT","https://www.amazon.in/dp/B084DKGQTT","PetCrux Exclusive Cat Litter Tray Litter Tray - Pack of 2","721.00","1198","https://m.media-amazon.com/images/I/71eZGj7qt+L._SX450_PIbundle-2,TopRight,0,0_SX450SY219SH20_.jpg","500 g","In Stock"
"B0D98GGQXX","https://www.amazon.in/dp/B0D98GGQXX","Petcrux Cat Litter Mat, 15.7 * 23.6 inches/45 * 60cm Litter Mat Double Layer Open Edge Design, Waterproof EVA Material, Durable and Washable, Cats Litter Box, Cat Litter Tray (Black/Grey)","527.00","1099","https://m.media-amazon.com/images/I/71XUmqNBhSL._SY450_.jpg","280 g","In Stock"
"B0CZRXC358","https://www.amazon.in/dp/B0CZRXC358","Petcrux Chicken Liver Bits with Turmeric Dog Treats, 90g","138.00","138.00","https://m.media-amazon.com/images/I/61yrGPsrOQL._SY450_.jpg","90 g","Out of Stock"
"B0FXXJ8KWL","https://www.amazon.in/dp/B0FXXJ8KWL","Petcrux Adult Dog Food Chicken & Rice, Complete Balanced Food for Adult Dogs, 3Kg (Pack of 2)","798.00","798.00","https://m.media-amazon.com/images/I/71GUMBoQIBL._SX450_PIbundle-2,TopRight,0,0_SX450SY336SH20_.jpg","6 kg","In Stock"
"B0FBRW5FJT","https://www.amazon.in/dp/B0FBRW5FJT","Petcrux Oatmeal Dog Shampoo 200ml – Sulphate & Paraben Free - Oatmeal with Goodness of Coconut & Lime - for Golden Retrievers, Labradors, Shih Tzu, German Shepherds","153.05","300","https://m.media-amazon.com/images/I/51h47KJIqRL._SY450_.jpg","200 g","In Stock"
"B0F38G2R86","https://www.amazon.in/dp/B0F38G2R86","PetCrux Complete Care Kit Earthy Clump Natural Bentonite Clay Cat Litter 10kg 1 Cat Litter Tray and 1 Mat","1899.00","2500","https://m.media-amazon.com/images/I/71w0JM572eL._SY450_.jpg","11 kg","In Stock"
"B0F3CQSK1Y","https://www.amazon.in/dp/B0F3CQSK1Y","PetCrux Complete Kit Eco Clump Unscented Bentonite Clay Natural Ingredients Cat Litter 10kg 1 Cat Litter Tray and 1 Mat Combo for All Breeds of Cat","1949.00","2500","https://m.media-amazon.com/images/I/71mp7l-LalL._SY450_.jpg","11 kg","In Stock"
"B0F39L9C9W","https://www.amazon.in/dp/B0F39L9C9W","PetCrux Complete Care Kit Smart Clump Lavender Essential Oils Bentonite Clay Cat Litter 10kg 1 Cat Litter Tray and 1 Mat Combo for All Breeds of Cat","1799.00","2500","https://m.media-amazon.com/images/I/71wSGQXdlsL._SY450_.jpg","4.0 Count","In Stock"
"B0F31FSJ7Q","https://www.amazon.in/dp/B0F31FSJ7Q","PetCrux Eco Clump Cat Litter 10Kg and 1 Cat Litter Tray 100% Natural Bentonite Clay for All Breeds of Cats","1349.00","1500","https://m.media-amazon.com/images/I/61LtWx0blhL._SY450_.jpg","3.0 Count","In Stock"
"B0F38DL27V","https://www.amazon.in/dp/B0F38DL27V","PetCrux Complete Care Kit Eco Clump Natural Bentonite Clay Lemon Scented Cat Litter 10kg 1 Cat Litter Tray and 1 Mat Combo for All Breeds of Cat","1749.00","2500","https://m.media-amazon.com/images/I/71xtKr-unhL._SY450_.jpg","11 kg","In Stock"
"B0F31C9H6X","https://www.amazon.in/dp/B0F31C9H6X","PetCrux Eco Clump Lavender & Lemon Cat Litter 10Kg and 1 Cat Litter Tray 100% Natural Bentonite Clay for All Breeds of Cats","1349.00","1500","https://m.media-amazon.com/images/I/61LtWx0blhL._SY450_.jpg","3.0 Count","In Stock"
"B08Z8D8T61","https://www.amazon.in/dp/B08Z8D8T61","Petcrux Premium Pearl Millet (Bajra) Bird Food (2 Kg) for Pigeons, Doves, Canaries, Finches, Waxbills, Budgies, Lovebirds, Cockatiels, 2 kg Economic Pack (2 kg)","299.00","499","https://m.media-amazon.com/images/I/61vgH+l97HL._SY679_PIbundle-2,TopRight,0,0_SX475SY679SH20_.jpg","2 kg","In Stock"
"B0F38H3YPN","https://www.amazon.in/dp/B0F38H3YPN","PetCrux Essential Kit Eco Clump Natural Bentonite Clay Lemon Scented Cat Litter 10kg 1 Cat Litter Tray and 1 Scooper Combo for All Breeds of Cat","1749.00","2000","https://m.media-amazon.com/images/I/61Mh5goWDbL._SY450_.jpg","11 kg","In Stock"
"B0FN5WV5Y2","https://www.amazon.in/dp/B0FN5WV5Y2","PetCrux Smart Clump Cat Litter Inside | Pet Friendly Lavender Essential Oils | Dust Free (for Multiple Cats), 5kg (Pack of 2)","798.00","798.00","https://m.media-amazon.com/images/I/71NTS5ShYcL._SX450_PIbundle-2,TopRight,0,0_SX450SY225SH20_.jpg","10 kg","In Stock"
"B0CHWDB49D","https://www.amazon.in/dp/B0CHWDB49D","Petcrux Premium Pellet Turtle Food for All Life Stages Contains Fish (1 Kg Refill Pouch)","299.00","550","https://m.media-amazon.com/images/I/61Ulqu7iGKL._SY450_PIbundle-2,TopRight,0,0_AA450SH20_.jpg","2 kg","In Stock"
"B0F393VN6W","https://www.amazon.in/dp/B0F393VN6W","PetCrux Essential Kit Eco Clump Unscented Bentonite Clay Natural Ingredients Cat Litter 10kg 1 Cat Litter Tray and 1 Scooper Combo for All Breeds of Cat","1449.00","2000","https://m.media-amazon.com/images/I/61sjHhNFh0L._SY450_.jpg","4.0 Count","In Stock"
"B0FXXDLJHP","https://www.amazon.in/dp/B0FXXDLJHP","PetCrux Earthy Clump Cat Litter | Natural Bentonite Clay | Lavender Scented| Superior Odour Control | 99.9% Dust Free Scoopable (for Multiple Cats), 5kg (Pack of 3)","897.00","897.00","https://m.media-amazon.com/images/I/51Ak3ox8P4L._SY450_PIbundle-3,TopRight,0,0_AA450SH20_.jpg","15 kg","In Stock"
"B0D9BPYZ5W","https://www.amazon.in/dp/B0D9BPYZ5W","Petcrux Cat Steam Brush, Dog Steam Brush, Steam Brush for Cats and Dogs, 3 In 1 Steamy Pet Brush, Steaming Pet Hair Brush, Cat and Dog Comb with Steam, Pet Grooming Brush for Cats","317.02","699","https://m.media-amazon.com/images/I/71jjP1WqupL._SY450_.jpg","83 g","In Stock"
"B0D8BP54TS","https://www.amazon.in/dp/B0D8BP54TS","Petcrux Aquarium/Fish Tank Bar Air Stone, 6 inch | Hydroponic Systems Bubble Air Stone Line","119.34","200","https://m.media-amazon.com/images/I/21cvt0VzgBL._SY450_.jpg","100 g","In Stock"
"B0FXXFVSSD","https://www.amazon.in/dp/B0FXXFVSSD","PetCrux Earthy Clump Cat Litter | Natural Bentonite Clay | Lavender Scented| Superior Odour Control | 99.9% Dust Free Scoopable (for Multiple Cats), 5kg (Pack of 4)","1196.00","1196.00","https://m.media-amazon.com/images/I/51KWzeiFLoL._SY450_PIbundle-4,TopRight,0,0_AA450SH20_.jpg","20 kg","In Stock"
"B0F38GSBKS","https://www.amazon.in/dp/B0F38GSBKS","PetCrux Essentials Kit Earthy Clump Natural Bentonite Clay Cat Litter 10kg 1 Cat Litter Tray and 1 Scooper Combo for All Breeds of Cat","1399.00","2000","https://m.media-amazon.com/images/I/61UKHuJTpnL._SY450_.jpg","11 kg","In Stock"
"B0CBPQLNL8","https://www.amazon.in/dp/B0CBPQLNL8","Petcrux Cat Scratching Pad, Large Tightly Corrugated Cardboard Reversible Cat Scratcher | Premium Scratch Texture Design - Wave","349.00","699","https://m.media-amazon.com/images/I/41e1oDtzUsL._SY450_.jpg","370 g","In Stock"
"B0F31FQW7N","https://www.amazon.in/dp/B0F31FQW7N","PetCrux Earthy Clump Cat Litter 10Kg and 1 Cat Litter Tray 100% Natural Bentonite Clay for All Breeds of Cats 2 Packs of 5 Kgs (Combo)","1299.00","1500","https://m.media-amazon.com/images/I/61P+OKhGW1L._SY450_.jpg","11 kg","In Stock"
"B0CRB53CQ9","https://www.amazon.in/dp/B0CRB53CQ9","Petcrux Premium Clamp Poop Scooper for Pet Waste, Cleaner & Picker Potty Scooper, High Strength Material, and Durable Spring for Easy Grass and Gravel Pick Up Puppies & Small Breed - Small","199.00","499","https://m.media-amazon.com/images/I/61WI4zRlfEL._SY450_.jpg","200 g","In Stock"
"B0CHWCDR6Y","https://www.amazon.in/dp/B0CHWCDR6Y","Petcrux Premium Pellet Turtle Food for All Life Stages Contains Fish 4kg(4 Packs of 1kg)","2200.00","2200.00","https://m.media-amazon.com/images/I/61EHpQOEy4L._SY450_PIbundle-2,TopRight,0,0_AA450SH20_.jpg","1 kg","In Stock"
"B0D8BMCD2V","https://www.amazon.in/dp/B0D8BMCD2V","Petcrux SOBO Multicolor Glass Aquarium Fluorescent Light, 6 inch","375.00","599","https://m.media-amazon.com/images/I/71B+3qOiEnL._SY679_.jpg","400 g","In Stock"
"B08JM791Q8","https://www.amazon.in/dp/B08JM791Q8","PetCrux Tofu Cat Litter 2.5Kg 100% Natural Biodegradable Odour Lock Corn Scented Dust Free Clay Trial or Travel or Single Pack of Absorbent Eco-Friendly Flushable Sand for All Breeds of Cats","699.00","950","https://m.media-amazon.com/images/I/61MfxCA6OWL._SY450_.jpg","2 kg 480 g","In Stock"
"B0D8BJ3VNW","https://www.amazon.in/dp/B0D8BJ3VNW","Petcrux Aquarium Water Changer Siphon Pump Without Valve 2 metres","299.00","299.00","https://m.media-amazon.com/images/I/51r6vSf-WdL._SX466_.jpg","100 g","In Stock"
"B0CQFH66BB","https://www.amazon.in/dp/B0CQFH66BB","Petcrux Large Bird Feeder with Holding Handle with 4 Feeding Nozzles, Hanging Sparrow Bird Feeder for Balcony, Garden Outdoor Bird Feeder, Bird Food Feeder (Green)","1199.00","1199.00","https://m.media-amazon.com/images/I/613VjXd0cJL._SY450_.jpg","200 g","In Stock"
"B09K5MDBLP","https://www.amazon.in/dp/B09K5MDBLP","Petcrux Pet Transparent Cat/Pet Bag Pet Carrier Backpack Puppy Kitty Breathable Carriers for Travel (Plain Printed Transparent, Blue Seabed)","1799.00","3499","https://m.media-amazon.com/images/I/61rySDG4zbL._SY450_.jpg","5 kg 440 g","In Stock"
"B0CR6JCXMS","https://www.amazon.in/dp/B0CR6JCXMS","Petcrux Potty Picker Poop Bags for Dog, Thick and Strong, Leak Proof Dog Poop Plastic Bag, Biodegradable for Waste Pick Up Bags, Unscented Outdoor Puppy Walking and Travel - 75 Bags","399.00","399.00","https://m.media-amazon.com/images/I/61ljnk-SPbL._SX679_.jpg","200 g","In Stock"
"B0FXXJC3WD","https://www.amazon.in/dp/B0FXXJC3WD","PetCrux Earthy Clump Cat Litter | Natural Bentonite Clay | Lavender Scented| Superior Odour Control | 99.9% Dust Free Scoopable (for Multiple Cats), 5kg (Pack of 2)","598.00","598.00","https://m.media-amazon.com/images/I/61huq8XbQ-L._SX450_PIbundle-2,TopRight,0,0_SX450SY314SH20_.jpg","10 kg","In Stock"
"B08NYM9BKC","https://www.amazon.in/dp/B08NYM9BKC","Petcrux Pet Food Shovel, Food Dispenser for Pets, Multi Color (Pack of 2)","249.00","600","https://m.media-amazon.com/images/I/31wr5hq+miL._SX450_.jpg","5 kg 440 g","In Stock"
"B08NYFJYW7","https://www.amazon.in/dp/B08NYFJYW7","Petcrux Pet Food Shovel, Food Dispenser for Pets, Multi Color (Pack of 1)","159.00","300","https://m.media-amazon.com/images/I/51Aj9U2+ltL._SY450_.jpg","5 kg 440 g","In Stock"
"B0CZRX81YP","https://www.amazon.in/dp/B0CZRX81YP","Petcrux Cat Treats for All Life Stages, Nutritious and Delicious, Chicken Liver Bits with Turmeric Flavour, Rich in Protein, Perfect for Training, Rewards and Snacks, Human Grade Ingredients, 90gm","149.00","300","https://m.media-amazon.com/images/I/61idvZH4D6L._SY450_.jpg","90 g","In Stock"
"B0CQG3WQ3F","https://www.amazon.in/dp/B0CQG3WQ3F","Petcrux Bird Feeder Starter Kit With Bajra Food 1kg, Hanging Sparrow Feeder for Balcony, Garden Outdoor (Green)","499.00","499.00","https://m.media-amazon.com/images/I/51wWO5oYPML._SY450_.jpg","2 kg 100 g","Out of Stock"
"B0D8J5ZRKX","https://www.amazon.in/dp/B0D8J5ZRKX","Petcrux Happy Circle with Ball Bell & Teasing Stick","299.00","500","https://m.media-amazon.com/images/I/71CG-7FOycL._SX450_.jpg","270 g","In Stock"
"B0F39CNMF6","https://www.amazon.in/dp/B0F39CNMF6","PetCrux Essential Kit Smart Clump Lavender Essential Oils Bentonite Clay Cat Litter 10kg 1 Cat Litter Tray and 1 Scooper Combo for All Breeds of Cat","1499.00","2000","https://m.media-amazon.com/images/I/61Gmtda1HzL._SY450_.jpg","4.0 Count","In Stock"
"B0FXXGR42W","https://www.amazon.in/dp/B0FXXGR42W","PetCrux Eco Clump Cat Litter 5Kg, 100% Natural Bentonite Odour Lock Lavender and Lemon Scented Clay, Dust Free, Single Pack (Pack of 4)","1380.00","1380.00","https://m.media-amazon.com/images/I/51NEPXZKd4L._SY450_PIbundle-4,TopRight,0,0_AA450SH20_.jpg","20 kg","In Stock"
"B0CRR8PNX7","https://www.amazon.in/dp/B0CRR8PNX7","Petcrux Premium Pearl Millet (Bajra) Bird Food (1 Kg) for Pigeons, Doves, Canaries, Finches, Waxbills, Budgies, Lovebirds, Cockatiels, 1 kg Economic Pack (2 kg)","169.00","399","https://m.media-amazon.com/images/I/61+0k-O4eCL._SY450_.jpg","200 g","In Stock"
"B09Z6YHXLF","https://www.amazon.in/dp/B09Z6YHXLF","Petcrux Veg Striped Sunflower Seeds Food for Lovebirds, Sun Conures, Cockatails, African Grey Parrots, Green Cheek Conure, Macaws, CockatooFor Birds -3kg","599.00","999","https://m.media-amazon.com/images/I/717LWVoiZaL._SY606_.jpg","3 kg","In Stock"
"B0FXXH98TL","https://www.amazon.in/dp/B0FXXH98TL","Petcrux Tofu Cat Litter | Natural Flushable Clumping Litter | Plant Based Biodegradable | Ultra Odour Control | Dust Free | Low Tracking Cat Litter 6 L - 2.5 Kg (Green Tea) (Pack of 3)","1497.00","1497.00","https://m.media-amazon.com/images/I/51d+VNUv4RL._SY450_PIbundle-3,TopRight,0,0_AA450SH20_.jpg","7 kg 500 g","In Stock"
"B0FXXDWDJ9","https://www.amazon.in/dp/B0FXXDWDJ9","Petcrux Tofu Cat Litter | Natural Flushable Clumping Litter | Plant Based Biodegradable | Ultra Odour Control | Dust Free | Low Tracking Cat Litter 6 L - 2.5 Kg (Corn) (Pack of 2)","1398.00","1398.00","https://m.media-amazon.com/images/I/71yYN2FHcwL._SX450_PIbundle-2,TopRight,0,0_SX450SY350SH20_.jpg","5 kg","In Stock"
"B0FXXG9FNJ","https://www.amazon.in/dp/B0FXXG9FNJ","PetCrux Earthy Clump Cat Litter 5Kg 100% Natural Bentonite Odour Lock Rose Scented Clay Dust Free Trial or Travel or Single Pack Absorbent Eco-Friendly Sand for All Breeds of Cats (Pack of 2)","598.00","598.00","https://m.media-amazon.com/images/I/616b1k++FuL._SX450_PIbundle-2,TopRight,0,0_SX450SY310SH20_.jpg","10 kg","In Stock"
"B0CQG31BR8","https://www.amazon.in/dp/B0CQG31BR8","Petcrux Medium Bird Feeder with Holding Handle with 4 Feeding Nozzles, Hanging Sparrow Bird Feeder for Balcony, Garden Outdoor Bird Feeder, Bird Food Feeder (Green)","299.00","1199","https://m.media-amazon.com/images/I/61ooKNeVbaL._SY450_.jpg","200 g","In Stock"
"B0FXXHZW29","https://www.amazon.in/dp/B0FXXHZW29","Petcrux Tofu Cat Litter | Natural Flushable Clumping Litter | Plant Based Biodegradable | Ultra Odour Control | Dust Free | Low Tracking Cat Litter 6 L - 2.5 Kg (Corn) (Pack of 4)","2796.00","2796.00","https://m.media-amazon.com/images/I/51GeCyjgSnL._SY450_PIbundle-4,TopRight,0,0_AA450SH20_.jpg","10 kg","In Stock"
"B0CZRXXVHX","https://www.amazon.in/dp/B0CZRXXVHX","Petcrux Chicken & Cranberry Dog Treats, 90g","236.00","236.00","https://m.media-amazon.com/images/I/61lGW8FkdZL._SY450_.jpg","90 g","Out of Stock"
"B0D9GVLVPF","https://www.amazon.in/dp/B0D9GVLVPF","Petcrux Reusable Pet Hair Remover Lint Roller Lint Remover for Pet,Clothes,Furniture,Sofa,Carpets,Car Seat,Bedding Hair Remover","281.39","899","https://m.media-amazon.com/images/I/510IB0sO2IL._SY450_.jpg","170 g","In Stock"
"B0FXXH939J","https://www.amazon.in/dp/B0FXXH939J","PetCrux Earthy Clump Cat Litter 5Kg 100% Natural Bentonite Odour Lock Rose Scented Clay Dust Free Trial or Travel or Single Pack Absorbent Eco-Friendly Sand for All Breeds of Cats (Pack of 3)","897.00","897.00","https://m.media-amazon.com/images/I/51YEeYt1RBL._SY450_PIbundle-3,TopRight,0,0_AA450SH20_.jpg","15 kg","In Stock"
"B0FXXHH4SN","https://www.amazon.in/dp/B0FXXHH4SN","Petcrux Tofu Cat Litter | Natural Flushable Clumping Litter | Plant Based Biodegradable | Ultra Odour Control | Dust Free | Low Tracking Cat Litter 6 L - 2.5 Kg (Corn) (Pack of 3)","2097.00","2097.00","https://m.media-amazon.com/images/I/51VB+tUJ9mL._SY450_PIbundle-3,TopRight,0,0_AA450SH20_.jpg","7 kg 500 g","In Stock"
"B09LSF297B","https://www.amazon.in/dp/B09LSF297B","PetCrux Premium Acrylic Wall Mounted Aquarium Fish Bowl/Wall Planter for Home Decor (9 inches, Aqua Green, Rust Resistant)","496.00","999","https://m.media-amazon.com/images/I/51qW93QQxWL._SY450_.jpg","200 g","In Stock"
"B0FXXGJGPT","https://www.amazon.in/dp/B0FXXGJGPT","PetCrux Earthy Clump Cat Litter 5Kg 100% Natural Bentonite Odour Lock Rose Scented Clay Dust Free Trial or Travel or Single Pack Absorbent Eco-Friendly Sand for All Breeds of Cats (Pack of 4)","1196.00","1196.00","https://m.media-amazon.com/images/I/51wfScqDAiL._SY450_PIbundle-4,TopRight,0,0_AA450SH20_.jpg","20 kg","In Stock"
"B0D66J1HPT","https://www.amazon.in/dp/B0D66J1HPT","Petcrux Cat Treats Gift Box for All Life Stages, Nutritious & Delicious, Chicken & Mutton Flavour, Rich in Protein, Perfect for Training, Rewards & Snacks, Human Grade Ingredients, Pack of 4,70gm Each","489.00","600","https://m.media-amazon.com/images/I/81ZmsVE3GaL._SY450_PIbundle-4,TopRight,0,0_AA450SH20_.jpg","280 g","In Stock"
"B0D8J4YV76","https://www.amazon.in/dp/B0D8J4YV76","Petcrux Interactive Toy for Cats & Dogs","1399.00","1399.00","https://m.media-amazon.com/images/I/61c9DeadbsL._SY450_.jpg","275 g","Out of Stock"
"B0FXXKBTQQ","https://www.amazon.in/dp/B0FXXKBTQQ","Petcrux Adult Dog Food Chicken & Rice, Complete Balanced Food for Adult Dogs, 3Kg (Pack of 3)","1197.00","1197.00","https://m.media-amazon.com/images/I/613HeW6Sq8L._SY450_PIbundle-3,TopRight,0,0_AA450SH20_.jpg","9 kg","In Stock"
"B0FXXHHLGN","https://www.amazon.in/dp/B0FXXHHLGN","Petcrux Adult Dog Food Chicken & Rice, Complete Balanced Food for Adult Dogs, 3Kg (Pack of 4)","1596.00","1596.00","https://m.media-amazon.com/images/I/61vqP5M66FL._SY450_PIbundle-4,TopRight,0,0_AA450SH20_.jpg","12 kg","In Stock"
"B0CR69GWRR","https://www.amazon.in/dp/B0CR69GWRR","Petcrux Premium Clamp Poop Scooper For Pet Waste, Cleaner & Picker Potty Scooper, High Strength Material, and Durable Spring for Easy Grass and Gravel Pick Up Puppies & Small Breed - Medium","177.39","177.39","https://m.media-amazon.com/images/I/618YxSD6hhL._SY450_.jpg","200 g","Out of Stock"
"B0D8J8JQ8J","https://www.amazon.in/dp/B0D8J8JQ8J","Petcrux Bird Food Foxtail Millets, 0.5kg","132.50","199","https://m.media-amazon.com/images/I/61NfLGkiwgL._SY450_.jpg","500 g","In Stock"
"B0CZRWH8W5","https://www.amazon.in/dp/B0CZRWH8W5","Petcrux Chicken Breast Jerkey with Tuna Dog Treats, 90g","133.25","340","https://m.media-amazon.com/images/I/610-NIE1RYL._SY450_.jpg","90 g","In Stock"
"B0CHWD42XY","https://www.amazon.in/dp/B0CHWD42XY","Petcrux Premium Pellet Turtle Food for All Life Stages Contains Fish,1Kg (Buy 1 Get 1 Free)","413.94","1100","https://m.media-amazon.com/images/I/61YAn1V9A9L._SY450_PIbundle-3,TopRight,0,0_AA450SH20_.jpg","3 kg","In Stock"
"B0D98JZTW7","https://www.amazon.in/dp/B0D98JZTW7","Petcrux Cat Litter Mat, 12 * 18 Inches/30 * 45 Cm Double Layer Open Edge Design, Waterproof EVA Material, Durable and Washable, Litter Box Tray (Black/Grey)","357.00","899","https://m.media-amazon.com/images/I/71XUmqNBhSL._SY450_.jpg","120 g","In Stock"
"B0CHWBM3M6","https://www.amazon.in/dp/B0CHWBM3M6","Petcrux Tetrabits Fish Feed for Complete Nourishment, 500g (Buy 1 Get 1 Free)","654.23","1598","https://m.media-amazon.com/images/I/51xut1IfeML._SY450_.jpg","100 g","In Stock"
"B0D8BQJM7K","https://www.amazon.in/dp/B0D8BQJM7K","Petcrux Venus Aqua Magnetic Aquarium/Fish Tank Glass Cleaner","339.00","500","https://m.media-amazon.com/images/I/41Q-2BU6RLL._SX450_.jpg","120 g","In Stock"
"B0D83XVLV5","https://www.amazon.in/dp/B0D83XVLV5","Petcrux Rakhi Gift Box for Dogs - Yummy Treats, Toy and Rakhi","140.00","600","https://m.media-amazon.com/images/I/613zB1S563L._SY450_PIbundle-3,TopRight,0,0_AA450SH20_.jpg","90 g","In Stock"
"B0CVXTFMTL","https://www.amazon.in/dp/B0CVXTFMTL","Petcrux Real Delicious Chicken Flavor Dog Biscuits for All Life Stages, 100% Natural and Digestible, Enriched with Vitamins and Minerals, Dog Treats, Dog Food - 500gm","179.00","179.00","https://m.media-amazon.com/images/I/61lhV-17M0L._SY450_.jpg","500 g","Out of Stock"
"B0CR3ZP61X","https://www.amazon.in/dp/B0CR3ZP61X","Petcrux Dog Chew Munchy Sticks, Mutton Flavour, Suitable for Puppy and Small to Medium, Healthy Teeth and Gums of Dogs Snacks, Savory Dog Treats for All Life Stages - 1Kg","650.00","650.00","https://m.media-amazon.com/images/I/61THzc5TT5L._SY450_.jpg","1 kg","In Stock"